"id","document_id","project","date","inspector"
"inspection_12ef2cb47cfd","","","",""
"inspection_ff91373c26b1","","","",""
"inspection_1eca939839b3","","","",""
"inspection_e76c64eb792d","","","",""
"inspection_db0336864d68","","","",""
"inspection_c2a35e425004","","","",""
"inspection_ea8d39fc23de","","","",""
"inspection_ca086a5a8e23","","","",""
"inspection_7ffaae2e94a0","","","",""
"inspection_0da2c310616e","","","",""
"inspection_a1f5921d3290","","","",""
"inspection_061a03d483fd","","","",""
"inspection_6ecc365ab251","","","",""
"inspection_191620df99d8","","","",""
"inspection_2dbc73bd6747","","","",""
"inspection_42c727d1bc33","","","",""
"inspection_015cbcd3197e","","","",""
"inspection_7f69586e8899","","","",""
"inspection_2e1f0a982634","","","",""
"inspection_d2b26cf3cd68","","","",""
"inspection_3a0aba9659cb","","","",""
"inspection_31fab6847437","","","",""
"inspection_1c3819a515f5","","","",""
"inspection_6a8e0c007018","","","",""
"inspection_5b33971e114e","","","",""
"inspection_8874352024b9","","","",""
"inspection_761144285c74","","","",""
"inspection_1dc4da95b1b2","","","",""
"inspection_0d9b952b1137","","","",""
"inspection_9101dcb010b8","","","",""
"inspection_3a22f979d479","","","",""
"inspection_78a35635f00b","","","",""
"inspection_a3744bfdc694","","","",""
"inspection_96a98a128fb5","","","",""
"inspection_f2c68d01580c","","","",""
"inspection_b1abbbf15a42","","","",""
"inspection_3a8b2a14f76a","","","",""
"inspection_c5ec3bf95739","","","",""
"inspection_65e90256be98","","","",""
"inspection_9ae6657bd284","","","",""
"inspection_075641527d4f","","","",""
"inspection_91200745275a","","","",""
"inspection_77a3e604c931","","","",""
"inspection_8f1e47492f39","","","",""
"inspection_212090a18536","","","",""
"inspection_5bbea36e92b1","","","",""
"inspection_721f1403b6e1","","","",""
"inspection_331cec88a3e0","","","",""
"inspection_cf67c2f23b82","","","",""
"inspection_63d97a4e304d","","","",""
"inspection_0cead6de2e59","","","",""
"inspection_30445587b5ed","","","",""
"inspection_60724ae0577d","","","",""
"inspection_100fb22e9c6d","","","",""
"inspection_bfd5b98eda7e","","","",""
"inspection_85bff8dac5dc","","","",""
"inspection_6a382b7337dc","","","",""
"inspection_1e1679ad31ce","","","",""
"inspection_d28fd4091811","","","",""
"inspection_4c1cdc15343c","","","",""
"inspection_14cc6b15235f","","","",""
"inspection_2fa363324ee7","","","",""
"inspection_809eb2b33045","","","",""
"inspection_838e24748864","","","",""
"inspection_9c749c2a9641","","","",""
"inspection_a391646b04df","","","",""
"inspection_7dc7d3dfee37","","","",""
"inspection_6f2991d0008c","","","",""
"inspection_474bbea3259e","","","",""
"inspection_e84fa6660725","","","",""
"inspection_1201514406b0","","","",""
"inspection_23f01395ee8c","","","",""
"inspection_3d60133018f3","","","",""
"inspection_c02df7a15130","","","",""
"inspection_769567312555","","","",""
"inspection_01ac09d485ab","","","",""
"inspection_c6a22593c1b8","","","",""
"inspection_b17097e5967b","","","",""
"inspection_d0e273e735f1","","","",""
"inspection_520032246570","","","",""
"inspection_99d173606cb0","","","",""
"inspection_8924da13c101","","","",""
"inspection_d9f90f91d9f0","","","",""
"inspection_a9820c54699a","","","",""
"inspection_65ea4d6fd932","","","",""
"inspection_ba897977e531","","","",""
"inspection_b990d62caa77","","","",""
"inspection_305c1353aa66","","","",""
"inspection_5da3f498da79","","","",""
"inspection_f1cbf1d44fa9","","","",""
"inspection_b3c80a5d2017","","","",""
"inspection_5964337218f0","","","",""
"inspection_32ceb5034e4a","","","",""
"inspection_2075bd059013","","","",""
"inspection_2eaef6bfd3db","","","",""
"inspection_6416e9bf4462","","","",""
"inspection_5e918228096c","","","",""
"inspection_c377ea97b4d0","","","",""
"inspection_6409e9e594e1","","","",""
"inspection_1a7e3ed0035d","","","",""
"inspection_fc60a7061680","","","",""
"inspection_3d9b7154fc39","","","",""
"inspection_052f12b9df1b","","","",""
"inspection_b742fd7ef207","","","",""
"inspection_08cec1b63062","","","",""
"inspection_6b3a982a8673","","","",""
"inspection_ffd57cf015b4","","","",""
"inspection_a52a4f384db9","","","",""
"inspection_a1363764b3b0","","","",""
"inspection_82a045923ae5","","","",""
"inspection_5f34d6d93d9f","","","",""
"inspection_6cbb98153070","","","",""
"inspection_e9ff274e1d22","","","",""
"inspection_9d8c5521dc87","","","",""
"inspection_46cf8a2885dc","","","",""
"inspection_38f053a9f490","","","",""
"inspection_3bd10cfd500e","","","",""
"inspection_695b2ad4c50d","","","",""
"inspection_842fb9fbb131","","","",""
